Rank,Name,Country,Born,Order,Consistory,Office,PapalConclaveEligible,CreatedCardinalBy
1,Giovanni Battista Re,Italy,30 January 1934,CB,21 February 2001,Prefect emeritus of the Congregation for Bishops (Dean),False,Pope John Paul II
2,Leonardo Sandri,Argentina,18 November 1943,CB,24 November 2007,Prefect emeritus of the Dicastery for the Eastern Churches (Vice Dean),False,Pope Benedict XVI
3,Francis Arinze,Nigeria,1 November 1932,CB,25 May 1985,Prefect emeritus of the Congregation for Divine Worship and the Discipline of the Sacraments,False,Pope John Paul II
4,Tarcisio Bertone SDB,Italy,2 December 1934,CB,21 October 2003,Secretary of State emeritus of His Holiness and Camerlengo emeritus of the Holy Roman Church,False,Pope John Paul II
5,José Saraiva Martins CMF,Portugal,6 January 1932,CB,21 February 2001,Prefect emeritus of the Congregation for the Causes of Saints,False,Pope John Paul II
6,Pietro Parolin,Italy,17 January 1955,CB,22 February 2014,Secretary of State of His Holiness,True,Pope Francis
7,Marc Ouellet PSS,Canada,8 June 1944,CB,21 October 2003,Prefect emeritus of the Dicastery for Bishops,False,Pope John Paul II
8,Fernando Filoni,Italy,15 April 1946,CB,18 February 2012,Grand Master of the Order of the Holy Sepulchre,True,Pope Benedict XVI
9,Beniamino Stella,Italy,18 August 1941,CB,22 February 2014,Prefect emeritus of the Congregation for the Clergy,False,Pope Francis
10,Luis Antonio Tagle,Philippines,21 June 1957,CB,24 November 2012,Pro-Prefect of the Dicastery for Evangelization,True,Pope Benedict XVI
11,Bechara Boutros al-Rahi OMM,Lebanon,25 February 1940,CB,24 November 2012,Patriarch of Antioch(Maronite Church),False,Pope Benedict XVI
12,Louis Raphaël I Sako,Iraq,4 July 1948,CB,28 June 2018,Patriarch of Baghdad(Chaldean Church),True,Pope Francis
13,Michael Michai Kitbunchu,Thailand,25 January 1929,CP,2 February 1983,Archbishop emeritus of Bangkok,False,Pope John Paul II
14,Paul Poupard,France,30 August 1930,CP,25 May 1985,President emeritus of the Pontifical Councils for Culture and for Interreligious Dialogue,False,Pope John Paul II
15,Friedrich Wetter,Germany,20 February 1928,CP,25 May 1985,Archbishop emeritus of Munich and Freising,False,Pope John Paul II
16,Nicolás de Jesús López Rodríguez,Dominican Republic,31 October 1936,CP,28 June 1991,Archbishop emeritus of Santo Domingo,False,Pope John Paul II
17,Roger Mahony,United States,27 February 1936,CP,28 June 1991,Archbishop emeritus of Los Angeles,False,Pope John Paul II
18,Camillo Ruini,Italy,19 February 1931,CP,28 June 1991,Vicar General emeritus for Rome and Archpriest emeritus of the Papal Basilica of Saint John Lateran,False,Pope John Paul II
19,Julius Darmaatmadja SJ,Indonesia,20 December 1934,CP,26 November 1994,Archbishop emeritus of Jakarta,False,Pope John Paul II
20,Emmanuel Wamala,Uganda,15 December 1926,CP,26 November 1994,Archbishop emeritus of Kampala,False,Pope John Paul II
21,Adam Maida,United States,18 March 1930,CP,26 November 1994,Archbishop emeritus of Detroit,False,Pope John Paul II
22,Vinko Puljić,Bosnia and Herzegovina,8 September 1945,CP,26 November 1994,Archbishop emeritus of Vrhbosna,False,Pope John Paul II
23,Juan Sandoval Íñiguez,Mexico,28 March 1933,CP,26 November 1994,Archbishop emeritus of Guadalajara,False,Pope John Paul II
24,James Stafford,United States,26 July 1932,CP,21 February 1998,Major Penitentiary emeritus,False,Pope John Paul II
25,Salvatore De Giorgi,Italy,6 September 1930,CP,21 February 1998,Archbishop emeritus of Palermo,False,Pope John Paul II
26,Antonio María Rouco Varela,Spain,20 August 1936,CP,21 February 1998,Archbishop emeritus of Madrid,False,Pope John Paul II
27,Polycarp Pengo,Tanzania,5 August 1944,CP,21 February 1998,Archbishop emeritus of Dar-es-Salaam,False,Pope John Paul II
28,Christoph Schönborn OP,Austria[d],22 January 1945,CP,21 February 1998,Archbishop emeritus of Vienna,False,Pope John Paul II
29,Norberto Rivera Carrera,Mexico,6 June 1942,CP,21 February 1998,Archbishop emeritus of Mexico,False,Pope John Paul II
30,Jānis Pujats,Latvia,14 November 1930,CP,21 February 1998,Archbishop emeritus of Riga,False,Pope John Paul II
31,Crescenzio Sepe,Italy,2 June 1943,CP,21 February 2001,Archbishop emeritus of Naples,False,Pope John Paul II
32,Walter Kasper,Germany,5 March 1933,CP,21 February 2001,President emeritus of the Pontifical Council for Promoting Christian Unity,False,Pope John Paul II
33,Audrys Bačkis,Lithuania,1 February 1937,CP,21 February 2001,Archbishop emeritus of Vilnius,False,Pope John Paul II
34,Francisco Javier Errázuriz Ossa ISch,Chile,5 September 1933,CP,21 February 2001,Archbishop emeritus of Santiago de Chile,False,Pope John Paul II
35,Wilfrid Napier OFM,South Africa,8 March 1941,CP,21 February 2001,Archbishop emeritus of Durban,False,Pope John Paul II
36,Óscar Rodríguez Maradiaga SDB,Honduras,29 December 1942,CP,21 February 2001,Archbishop emeritus of Tegucigalpa and Coordinator emeritus of the Council of Cardinals,False,Pope John Paul II
37,Juan Luis Cipriani Thorne,Peru,28 December 1943,CP,21 February 2001,Archbishop emeritus of Lima,False,Pope John Paul II
38,Julián Herranz Casado,Spain,31 March 1930,CP,21 October 2003,President emeritus of the Pontifical Council for Legislative Texts,False,Pope John Paul II
39,Angelo Scola,Italy,7 November 1941,CP,21 October 2003,Archbishop emeritus of Milan,False,Pope John Paul II
40,Anthony Olubunmi Okogie,Nigeria,16 June 1936,CP,21 October 2003,Archbishop emeritus of Lagos,False,Pope John Paul II
41,Gabriel Zubeir Wako,Sudan,27 February 1941,CP,21 October 2003,Archbishop emeritus of Khartoum,False,Pope John Paul II
42,Justin Rigali,United States,19 April 1935,CP,21 October 2003,Archbishop emeritus of Philadelphia,False,Pope John Paul II
43,Ennio Antonelli,Italy,18 November 1936,CP,21 October 2003,President emeritus of the Pontifical Council for the Family,False,Pope John Paul II
44,Peter Turkson,Ghana,11 October 1948,CP,21 October 2003,Chancellor of the Pontifical Academy of Sciences and the Pontifical Academy of Social Sciences,True,Pope John Paul II
45,Josip Bozanić,Croatia,20 March 1949,CP,21 October 2003,Archbishop emeritus of Zagreb,True,Pope John Paul II
46,Jean-Baptiste Phạm Minh Mẫn,Vietnam,5 March 1934,CP,21 October 2003,Archbishop emeritus of Ho Chi Minh City,False,Pope John Paul II
47,Philippe Barbarin,France,17 October 1950,CP,21 October 2003,Archbishop emeritus of Lyon,True,Pope John Paul II
48,Péter Erdő,Hungary,25 June 1952,CP,21 October 2003,Archbishop of Esztergom–Budapest,True,Pope John Paul II
49,Franc Rodé CM,Slovenia,23 September 1934,CP,24 March 2006,Prefect emeritus of the Congregation for Institutes of Consecrated Life and Societies of Apostolic Life,False,Pope Benedict XVI
50,Agostino Vallini,Italy,17 April 1940,CP,24 March 2006,Pontifical Legate emeritus for the Basilicas of Saint Francis and Saint Mary of the Angels in Assisi,False,Pope Benedict XVI
51,Gaudencio Borbon Rosales,Philippines,10 August 1932,CP,24 March 2006,Archbishop emeritus of Manila,False,Pope Benedict XVI
52,Jean-Pierre Ricard,France,25 September 1944,CP,24 March 2006,Archbishop emeritus of Bordeaux,False,Pope Benedict XVI
53,Antonio Cañizares Llovera,Spain,15 October 1945,CP,24 March 2006,Archbishop emeritus of Valencia,False,Pope Benedict XVI
54,Seán Patrick O'Malley OFMCap,United States,29 June 1944,CP,24 March 2006,Archbishop emeritus of Boston and President emeritus of the Pontifical Commission for the Protection of Minors,False,Pope Benedict XVI
55,Stanisław Dziwisz,Poland,27 April 1939,CP,24 March 2006,Archbishop emeritus of Kraków,False,Pope Benedict XVI
56,Joseph Zen Ze-kiun SDB,China(Hong Kong)[f],13 January 1932,CP,24 March 2006,Bishop emeritus of Hong Kong,False,Pope Benedict XVI
57,Giovanni Lajolo,Italy,3 January 1935,CP,24 November 2007,President emeritus of the Pontifical Commission for Vatican City State,False,Pope Benedict XVI
58,Angelo Comastri,Italy,17 September 1943,CP,24 November 2007,"Vicar General emeritus for Vatican City, Archpriest emeritus of the Papal Basilica of Saint Peter and President emeritus of the Fabric of Saint Peter",False,Pope Benedict XVI
59,Stanisław Ryłko,Poland,4 July 1945,CP,24 November 2007,Archpriest emeritus of the Papal Basilica of Saint Mary Major,False,Pope Benedict XVI
60,Raffaele Farina SDB,Italy,24 September 1933,CP,24 November 2007,Archivist and Librarian emeritus of the Holy Roman Church,False,Pope Benedict XVI
61,Seán Brady,Ireland[g],16 August 1939,CP,24 November 2007,Archbishop emeritus of Armagh,False,Pope Benedict XVI
62,Lluís Martínez i Sistach,Spain,29 April 1937,CP,24 November 2007,Archbishop emeritus of Barcelona,False,Pope Benedict XVI
63,Angelo Bagnasco,Italy,14 January 1943,CP,24 November 2007,Archbishop emeritus of Genoa,False,Pope Benedict XVI
64,Théodore-Adrien Sarr,Senegal,28 November 1936,CP,24 November 2007,Archbishop emeritus of Dakar,False,Pope Benedict XVI
65,Oswald Gracias,India,24 December 1944,CP,24 November 2007,Archbishop emeritus of Bombay,False,Pope Benedict XVI
66,Francisco Robles Ortega,Mexico,2 March 1949,CP,24 November 2007,Archbishop of Guadalajara,True,Pope Benedict XVI
67,Daniel DiNardo,United States,23 May 1949,CP,24 November 2007,Archbishop emeritus of Galveston–Houston,True,Pope Benedict XVI
68,Odilo Scherer,Brazil,21 September 1949,CP,24 November 2007,Archbishop of São Paulo,True,Pope Benedict XVI
69,John Njue,Kenya,1 January 1946[h],CP,24 November 2007,Archbishop emeritus of Nairobi,True,Pope Benedict XVI
70,Robert Sarah,Guinea,15 June 1945,CP,20 November 2010,Prefect emeritus of the Congregation for Divine Worship and the Discipline of the Sacraments,False,Pope Benedict XVI
71,Francesco Monterisi,Italy,28 May 1934,CP,20 November 2010,Archpriest emeritus of the Papal Basilica of Saint Paul Outside the Walls,False,Pope Benedict XVI
72,Raymond Leo Burke,United States,30 June 1948,CP,20 November 2010,Patron emeritus of the Sovereign Military Order of Malta,True,Pope Benedict XVI
73,Kurt Koch,Switzerland,15 March 1950,CP,20 November 2010,Prefect of the Dicastery for Promoting Christian Unity,True,Pope Benedict XVI
74,Mauro Piacenza,Italy,15 September 1944,CP,20 November 2010,Major Penitentiary emeritus,False,Pope Benedict XVI
75,Gianfranco Ravasi,Italy,18 October 1942,CP,20 November 2010,President emeritus of the Pontifical Council for Culture,False,Pope Benedict XVI
76,Paolo Romeo,Italy,20 February 1938,CP,20 November 2010,Archbishop emeritus of Palermo,False,Pope Benedict XVI
77,Donald Wuerl,United States,12 November 1940,CP,20 November 2010,Archbishop emeritus of Washington,False,Pope Benedict XVI
78,Raymundo Damasceno Assis,Brazil,15 February 1937,CP,20 November 2010,Archbishop emeritus of Aparecida,False,Pope Benedict XVI
79,Kazimierz Nycz,Poland,1 February 1950,CP,20 November 2010,Archbishop emeritus of Warsaw,True,Pope Benedict XVI
80,Malcolm Ranjith,Sri Lanka,15 November 1947,CP,20 November 2010,Archbishop of Colombo,True,Pope Benedict XVI
81,Reinhard Marx,Germany,21 September 1953,CP,20 November 2010,Archbishop of Munich and Freising and Coordinator of the Council for the Economy,True,Pope Benedict XVI
82,Walter Brandmüller,Germany,5 January 1929,CP,20 November 2010,President emeritus of the Pontifical Committee for Historical Sciences,False,Pope Benedict XVI
83,Manuel Monteiro de Castro,Portugal,29 March 1938,CP,18 February 2012,Major Penitentiary emeritus,False,Pope Benedict XVI
84,Santos Abril y Castelló,Spain,21 September 1935,CP,18 February 2012,Archpriest emeritus of the Papal Basilica of Saint Mary Major,False,Pope Benedict XVI
85,Antonio Maria Vegliò,Italy,3 February 1938,CP,18 February 2012,President emeritus of the Pontifical Council for the Pastoral Care of Migrants and Itinerant People,False,Pope Benedict XVI
86,Giuseppe Bertello,Italy,1 October 1942,CP,18 February 2012,President emeritus of the Pontifical Commission for Vatican City State,False,Pope Benedict XVI
87,Francesco Coccopalmerio,Italy,6 March 1938,CP,18 February 2012,President emeritus of the Pontifical Council for Legislative Texts,False,Pope Benedict XVI
88,João Braz de Aviz,Brazil,24 April 1947,CP,18 February 2012,Prefect emeritus of the Dicastery for Institutes of Consecrated Life and Societies of Apostolic Life,True,Pope Benedict XVI
89,Edwin Frederick O'Brien,United States,8 April 1939,CP,18 February 2012,Grand Master emeritus of the Order of the Holy Sepulchre,False,Pope Benedict XVI
90,Domenico Calcagno,Italy,3 February 1943,CP,18 February 2012,President emeritus of the Administration of the Patrimony of the Apostolic See,False,Pope Benedict XVI
91,Giuseppe Versaldi,Italy,30 July 1943,CP,18 February 2012,Prefect emeritus of the Congregation for Catholic Education,False,Pope Benedict XVI
92,George Alencherry,India,19 April 1945,CP,18 February 2012,Major Archbishop emeritus of Ernakulam–Angamaly(Syro-Malabar Church),False,Pope Benedict XVI
93,Thomas Collins,Canada,16 January 1947,CP,18 February 2012,Archbishop emeritus of Toronto,True,Pope Benedict XVI
94,Wim Eijk,Netherlands,22 June 1953,CP,18 February 2012,Archbishop of Utrecht,True,Pope Benedict XVI
95,Giuseppe Betori,Italy,25 February 1947,CP,18 February 2012,Archbishop emeritus of Florence,True,Pope Benedict XVI
96,Timothy M. Dolan,United States,6 February 1950,CP,18 February 2012,Archbishop emeritus of New York,True,Pope Benedict XVI
97,Rainer Woelki,Germany,18 August 1956,CP,18 February 2012,Archbishop of Cologne,True,Pope Benedict XVI
98,John Tong Hon,China(Hong Kong)[f],31 July 1939,CP,18 February 2012,Bishop emeritus of Hong Kong,False,Pope Benedict XVI
99,James Michael Harvey,United States,20 October 1949,CP,24 November 2012,Archpriest of the Papal Basilica of Saint Paul Outside the Walls,True,Pope Benedict XVI
100,Baselios Cleemis,India,15 June 1959,CP,24 November 2012,Major Archbishop of Trivandrum(Syro-Malankara Church),True,Pope Benedict XVI
101,John Onaiyekan,Nigeria,29 January 1944,CP,24 November 2012,Archbishop emeritus of Abuja,False,Pope Benedict XVI
102,Rubén Salazar Gómez,Colombia,22 September 1942,CP,24 November 2012,Archbishop emeritus of Bogotá,False,Pope Benedict XVI
103,Lorenzo Baldisseri,Italy,29 September 1940,CP,22 February 2014,Secretary-General emeritus of the Synod of Bishops,False,Pope Francis
104,Gerhard Ludwig Müller,Germany,31 December 1947,CP,22 February 2014,Prefect emeritus of the Congregation for the Doctrine of the Faith,True,Pope Francis
105,Vincent Nichols,United Kingdom,8 November 1945,CP,22 February 2014,Archbishop of Westminster,False,Pope Francis
106,Leopoldo Brenes,Nicaragua,7 March 1949,CP,22 February 2014,Archbishop of Managua,True,Pope Francis
107,Gérald Lacroix ISPX,Canada,27 July 1957,CP,22 February 2014,Archbishop of Quebec,True,Pope Francis
108,Jean-Pierre Kutwa,Ivory Coast,22 December 1945,CP,22 February 2014,Archbishop emeritus of Abidjan,True,Pope Francis
109,Orani João Tempesta OCist,Brazil,23 June 1950,CP,22 February 2014,Archbishop of São Sebastião do Rio de Janeiro,True,Pope Francis
110,Gualtiero Bassetti,Italy,7 April 1942,CP,22 February 2014,Archbishop emeritus of Perugia–Città della Pieve,False,Pope Francis
111,Mario Aurelio Poli,Argentina,29 November 1947,CP,22 February 2014,Archbishop emeritus of Buenos Aires,True,Pope Francis
112,Andrew Yeom Soo-jung,South Korea,5 December 1943,CP,22 February 2014,Archbishop emeritus of Seoul,False,Pope Francis
113,Ricardo Ezzati SDB,Chile[i],7 January 1942,CP,22 February 2014,Archbishop emeritus of Santiago de Chile,False,Pope Francis
114,Philippe Ouédraogo,Burkina Faso,31 December 1945[j],CP,22 February 2014,Archbishop emeritus of Ouagadougou,True,Pope Francis
115,Orlando Quevedo OMI,Philippines,11 March 1939,CP,22 February 2014,Archbishop emeritus of Cotabato,False,Pope Francis
116,Chibly Langlois,Haiti,29 November 1958,CP,22 February 2014,Bishop of Les Cayes,True,Pope Francis
117,Manuel Clemente,Portugal,16 July 1948,CP,14 February 2015,Patriarch emeritus of Lisbon,True,Pope Francis
118,Berhaneyesus Demerew Souraphiel CM,Ethiopia,14 July 1948,CP,14 February 2015,Archbishop of Addis Abeba(Ethiopian Church),True,Pope Francis
119,John Dew,New Zealand,5 May 1948,CP,14 February 2015,Archbishop emeritus of Wellington,True,Pope Francis
120,Pierre Nguyễn Văn Nhơn,Vietnam,1 April 1938,CP,14 February 2015,Archbishop emeritus of Hanoi,False,Pope Francis
121,Alberto Suárez Inda,Mexico,30 January 1939,CP,14 February 2015,Archbishop emeritus of Morelia,False,Pope Francis
122,Charles Maung Bo SDB,Myanmar,29 October 1948,CP,14 February 2015,Archbishop of Yangon,True,Pope Francis
123,Kriengsak Kovitvanit,Thailand,27 June 1949,CP,14 February 2015,Archbishop emeritus of Bangkok,True,Pope Francis
124,Francesco Montenegro,Italy,22 May 1946,CP,14 February 2015,Archbishop emeritus of Agrigento,True,Pope Francis
125,Daniel Sturla SDB,Uruguay,4 July 1959,CP,14 February 2015,Archbishop of Montevideo,True,Pope Francis
126,Ricardo Blázquez,Spain,13 April 1942,CP,14 February 2015,Archbishop emeritus of Valladolid,False,Pope Francis
127,José Luis Lacunza Maestrojuán OAR,Panama[k],24 February 1944,CP,14 February 2015,Bishop emeritus of David,False,Pope Francis
128,Arlindo Gomes Furtado,Cape Verde,15 November 1949,CP,14 February 2015,Bishop of Santiago de Cabo Verde,True,Pope Francis
129,Soane Patita Paini Mafi,Tonga,19 December 1961,CP,14 February 2015,Bishop of Tonga,True,Pope Francis
130,Luis Héctor Villalba,Argentina,11 October 1934,CP,14 February 2015,Archbishop emeritus of Tucumán,False,Pope Francis
131,Júlio Duarte Langa,Mozambique,27 October 1927,CP,14 February 2015,Bishop emeritus of Xai-Xai,False,Pope Francis
132,Dieudonné Nzapalainga CSSp,Central African Republic,14 March 1967,CP,19 November 2016,Archbishop of Bangui,True,Pope Francis
133,Carlos Osoro Sierra,Spain,16 May 1945,CP,19 November 2016,Archbishop emeritus of Madrid,False,Pope Francis
134,Sérgio da Rocha,Brazil,21 October 1959,CP,19 November 2016,Archbishop of São Salvador da Bahia,True,Pope Francis
135,Blase J. Cupich,United States,19 March 1949,CP,19 November 2016,Archbishop of Chicago,True,Pope Francis
136,Patrick D'Rozario CSC,Bangladesh,1 October 1943,CP,19 November 2016,Archbishop emeritus of Dhaka,False,Pope Francis
137,Baltazar Enrique Porras Cardozo,Venezuela,10 October 1944,CP,19 November 2016,Archbishop emeritus of Caracas,False,Pope Francis
138,Jozef De Kesel,Belgium,17 June 1947,CP,19 November 2016,Archbishop emeritus of Mechelen–Brussels,True,Pope Francis
139,Maurice Piat CSSp,Mauritius,19 July 1941,CP,19 November 2016,Bishop emeritus of Port-Louis,False,Pope Francis
140,Carlos Aguiar Retes,Mexico,9 January 1950,CP,19 November 2016,Archbishop of Mexico,True,Pope Francis
141,John Ribat MSC,Papua New Guinea,9 February 1957,CP,19 November 2016,Archbishop of Port Moresby,True,Pope Francis
142,Joseph W. Tobin CSsR,United States,3 May 1952,CP,19 November 2016,Archbishop of Newark,True,Pope Francis
143,Jean Zerbo,Mali,27 December 1943,CP,28 June 2017,Archbishop emeritus of Bamako,False,Pope Francis
144,Juan José Omella,Spain,21 April 1946,CP,28 June 2017,Archbishop of Barcelona,True,Pope Francis
145,Anders Arborelius OCD,Sweden,24 September 1949,CP,28 June 2017,Bishop of Stockholm,True,Pope Francis
146,Louis-Marie Ling Mangkhanekhoun IVD,Laos,8 April 1944,CP,28 June 2017,Apostolic Vicar emeritus of Vientiane,False,Pope Francis
147,Gregorio Rosa Chávez,El Salvador,3 September 1942,CP,28 June 2017,Auxiliary Bishop emeritus of San Salvador,False,Pope Francis
148,Angelo De Donatis,Italy,4 January 1954,CP,28 June 2018,Major Penitentiary,True,Pope Francis
149,Joseph Coutts,Pakistan,21 July 1945,CP,28 June 2018,Archbishop emeritus of Karachi,False,Pope Francis
150,António Marto,Portugal,5 May 1947,CP,28 June 2018,Bishop emeritus of Leiria–Fátima,True,Pope Francis
151,Pedro Barreto SJ,Peru,12 February 1944,CP,28 June 2018,Archbishop emeritus of Huancayo,False,Pope Francis
152,Désiré Tsarahazana,Madagascar,13 June 1954,CP,28 June 2018,Archbishop of Toamasina,True,Pope Francis
153,Giuseppe Petrocchi,Italy,19 August 1948,CP,28 June 2018,Archbishop emeritus of L'Aquila,True,Pope Francis
154,Thomas Aquino Manyo Maeda,Japan,3 March 1949,CP,28 June 2018,Archbishop of Osaka–Takamatsu,True,Pope Francis
155,Toribio Ticona Porco,Bolivia,25 April 1937,CP,28 June 2018,Bishop Prelate emeritus of Corocoro,False,Pope Francis
156,Ignatius Suharyo Hardjoatmodjo,Indonesia,9 July 1950,CP,5 October 2019,Archbishop of Jakarta,True,Pope Francis
157,Juan García Rodríguez,Cuba,11 July 1948,CP,5 October 2019,Archbishop of San Cristóbal de la Habana,True,Pope Francis
158,Fridolin Ambongo Besungu OFMCap,Democratic Republic of the Congo,24 January 1960,CP,5 October 2019,Archbishop of Kinshasa,True,Pope Francis
159,Jean-Claude Hollerich SJ,Luxembourg,9 August 1958,CP,5 October 2019,Archbishop of Luxembourg,True,Pope Francis
160,Álvaro Leonel Ramazzini Imeri,Guatemala,16 July 1947,CP,5 October 2019,Bishop of Huehuetenango,True,Pope Francis
161,Matteo Zuppi,Italy,11 October 1955,CP,5 October 2019,Archbishop of Bologna,True,Pope Francis
162,Cristóbal López Romero SDB,Morocco[l],19 May 1952,CP,5 October 2019,Archbishop of Rabat,True,Pope Francis
163,Sigitas Tamkevičius SJ,Lithuania,7 November 1938,CP,5 October 2019,Archbishop emeritus of Kaunas,False,Pope Francis
164,Antoine Kambanda,Rwanda,10 November 1958,CP,28 November 2020,Archbishop of Kigali,True,Pope Francis
165,Wilton Daniel Gregory,United States,7 December 1947,CP,28 November 2020,Archbishop emeritus of Washington,True,Pope Francis
166,Jose Advincula OP,Philippines,30 March 1952,CP,28 November 2020,Archbishop of Manila,True,Pope Francis
167,Celestino Aós Braco OFMCap,Chile[m],6 April 1945,CP,28 November 2020,Archbishop emeritus of Santiago de Chile,False,Pope Francis
168,Augusto Paolo Lojudice,Italy,1 July 1964,CP,28 November 2020,Archbishop of Siena–Colle di Val d'Elsa–Montalcino and Bishop of Montepulciano–Chiusi–Pienza,True,Pope Francis
169,Felipe Arizmendi Esquivel,Mexico,1 May 1940,CP,28 November 2020,Bishop emeritus of San Cristóbal de Las Casas,False,Pope Francis
170,Jean-Marc Aveline,France,26 December 1958,CP,27 August 2022,Archbishop of Marseille,True,Pope Francis
171,Peter Okpaleke,Nigeria,1 March 1963,CP,27 August 2022,Bishop of Ekwulobia,True,Pope Francis
172,Leonardo Ulrich Steiner OFM,Brazil,6 November 1950,CP,27 August 2022,Archbishop of Manaus,True,Pope Francis
173,Filipe Neri Ferrão,India,20 January 1953,CP,27 August 2022,Archbishop of Goa and Daman and Patriarch of the East Indies,True,Pope Francis
174,Robert W. McElroy,United States,5 February 1954,CP,27 August 2022,Archbishop of Washington,True,Pope Francis
175,Virgílio do Carmo da Silva SDB,East Timor,27 November 1967,CP,27 August 2022,Archbishop of Díli,True,Pope Francis
176,Oscar Cantoni,Italy,1 September 1950,CP,27 August 2022,Bishop of Como,True,Pope Francis
177,Anthony Poola,India,15 November 1961,CP,27 August 2022,Archbishop of Hyderabad,True,Pope Francis
178,Paulo Cezar Costa,Brazil,20 July 1967,CP,27 August 2022,Archbishop of Brasília,True,Pope Francis
179,William Goh,Singapore,25 June 1957,CP,27 August 2022,Archbishop of Singapore,True,Pope Francis
180,Adalberto Martínez Flores,Paraguay,8 July 1951,CP,27 August 2022,Archbishop of Asunción,True,Pope Francis
181,Giorgio Marengo IMC,Mongolia[n],7 June 1974,CP,27 August 2022,Apostolic Prefect of Ulaanbaatar,True,Pope Francis
182,Jorge Enrique Jiménez Carvajal CJM,Colombia,29 March 1942,CP,27 August 2022,Archbishop emeritus of Cartagena,False,Pope Francis
183,Arrigo Miglio,Italy,18 July 1942,CP,27 August 2022,Archbishop emeritus of Cagliari,False,Pope Francis
184,Pierbattista Pizzaballa OFM,Jerusalem[o],21 April 1965,CP,30 September 2023,Latin Patriarch of Jerusalem,True,Pope Francis
185,Stephen Brislin,South Africa,24 September 1956,CP,30 September 2023,Archbishop of Johannesburg,True,Pope Francis
186,Ángel Sixto Rossi SJ,Argentina,11 August 1958,CP,30 September 2023,Archbishop of Córdoba,True,Pope Francis
187,Luis José Rueda Aparicio,Colombia,3 March 1962,CP,30 September 2023,Archbishop of Bogotá,True,Pope Francis
188,Grzegorz Ryś,Poland,9 February 1964,CP,30 September 2023,Archbishop of Kraków,True,Pope Francis
189,Stephen Ameyu Martin Mulla,South Sudan,10 January 1964,CP,30 September 2023,Archbishop of Juba,True,Pope Francis
190,José Cobo Cano,Spain,20 September 1965,CP,30 September 2023,Archbishop of Madrid,True,Pope Francis
191,Protase Rugambwa,Tanzania,31 May 1960,CP,30 September 2023,Archbishop of Tabora,True,Pope Francis
192,Sebastian Francis,Malaysia,11 November 1951,CP,30 September 2023,Bishop of Penang,True,Pope Francis
193,Stephen Chow Sau-yan SJ,China(Hong Kong)[f],7 August 1959,CP,30 September 2023,Bishop of Hong Kong,True,Pope Francis
194,François-Xavier Bustillo OFMConv,France[p],23 November 1968,CP,30 September 2023,Bishop of Ajaccio,True,Pope Francis
195,Américo Aguiar,Portugal,12 December 1973,CP,30 September 2023,Bishop of Setúbal,True,Pope Francis
196,Diego Rafael Padrón Sánchez,Venezuela,17 May 1939,CP,30 September 2023,Archbishop emeritus of Cumaná,False,Pope Francis
197,Carlos Castillo Mattasoglio,Peru,28 February 1950,CP,7 December 2024,Archbishop of Lima,True,Pope Francis
198,Vicente Bokalic Iglic CM,Argentina,11 June 1952,CP,7 December 2024,Archbishop of Santiago del Estero,True,Pope Francis
199,Luis Cabrera Herrera OFM,Ecuador,11 October 1955,CP,7 December 2024,Archbishop of Guayaquil,True,Pope Francis
200,Fernando Chomalí Garib,Chile,10 March 1957,CP,7 December 2024,Archbishop of Santiago de Chile,True,Pope Francis
201,Tarcisio Isao Kikuchi SVD,Japan,1 November 1958,CP,7 December 2024,Archbishop of Tokyo,True,Pope Francis
202,Pablo Virgilio David,Philippines,2 March 1959,CP,7 December 2024,Bishop of Kalookan,True,Pope Francis
203,Ladislav Nemet SVD,Serbia[q],7 September 1956,CP,7 December 2024,Archbishop of Belgrade,True,Pope Francis
204,Jaime Spengler OFM,Brazil,6 September 1960,CP,7 December 2024,Archbishop of Porto Alegre,True,Pope Francis
205,Ignace Bessi Dogbo,Ivory Coast,17 August 1961,CP,7 December 2024,Archbishop of Abidjan,True,Pope Francis
206,Jean-Paul Vesco OP,Algeria[r],10 March 1962,CP,7 December 2024,Archbishop of Algiers,True,Pope Francis
207,Dominique Mathieu OFMConv,Iran[s],13 June 1963,CP,7 December 2024,Archbishop of Tehran–Isfahan,True,Pope Francis
208,Roberto Repole,Italy,29 January 1967,CP,7 December 2024,Archbishop of Turin and Bishop of Susa,True,Pope Francis
209,Baldassare Reina,Italy,26 November 1970,CP,7 December 2024,Vicar General for Rome and Archpriest of the Papal Basilica of Saint John Lateran,True,Pope Francis
210,Frank Leo,Canada,30 June 1971,CP,7 December 2024,Archbishop of Toronto,True,Pope Francis
211,Mykola Bychok CSsR,Australia[t],13 February 1980,CP,7 December 2024,Eparch of Saints Peter and Paul of Melbourne(Ukrainian Greek Church),True,Pope Francis
212,Domenico Battaglia,Italy,20 January 1963,CP,7 December 2024,Archbishop of Naples,True,Pope Francis
213,Dominique Mamberti,France,7 March 1952,CD,14 February 2015,Prefect of the Supreme Tribunal of the Apostolic Signatura,True,Pope Francis
214,Mario Zenari,Italy,5 January 1946,CD,19 November 2016,Apostolic Nuncio to Syria,True,Pope Francis
215,Kevin Farrell,United States[u],2 September 1947,CD,19 November 2016,"Prefect of the Dicastery for the Laity, Family and Life",True,Pope Francis
216,Ernest Simoni,Albania,18 October 1928,CD,19 November 2016,Priest of the Archdiocese of Shkodër–Pult,False,Pope Francis
217,Luis Ladaria Ferrer SJ,Spain,19 April 1944,CD,28 June 2018,Prefect emeritus of the Dicastery for the Doctrine of the Faith,False,Pope Francis
218,Giovanni Angelo Becciu[w],Italy,2 June 1948,CD,28 June 2018,Prefect emeritus of the Congregation for the Causes of Saints,False,Pope Francis
219,Konrad Krajewski,Poland,25 November 1963,CD,28 June 2018,Almoner of His Holiness,True,Pope Francis
220,Aquilino Bocos Merino CMF,Spain,17 May 1938,CD,28 June 2018,Superior General emeritus of the Missionary Sons of the Immaculate Heart of Mary,False,Pope Francis
221,José Tolentino de Mendonça,Portugal,15 December 1965,CD,5 October 2019,Prefect of the Dicastery for Culture and Education,True,Pope Francis
222,Michael Czerny SJ,Canada[x],18 July 1946,CD,5 October 2019,Prefect of the Dicastery for Promoting Integral Human Development,True,Pope Francis
223,Michael Fitzgerald MAfr,United Kingdom,17 August 1937,CD,5 October 2019,Apostolic Nuncio emeritus to Egypt,False,Pope Francis
224,Mario Grech,Malta,20 February 1957,CD,28 November 2020,Secretary-General of the Synod of Bishops,True,Pope Francis
225,Marcello Semeraro,Italy,22 December 1947,CD,28 November 2020,Prefect of the Dicastery for the Causes of Saints,True,Pope Francis
226,Mauro Gambetti OFMConv,Italy,27 October 1965,CD,28 November 2020,"Vicar General for Vatican City, Archpriest of the Papal Basilica of Saint Peter and President of the Fabric of Saint Peter",True,Pope Francis
227,Silvano Maria Tomasi CS,Italy,12 October 1940,CD,28 November 2020,Special Delegate to the Sovereign Military Order of Malta,False,Pope Francis
228,Raniero Cantalamessa OFMCap,Italy,22 July 1934,CD,28 November 2020,Preacher emeritus of the Papal Household,False,Pope Francis
229,Enrico Feroci,Italy,27 August 1940,CD,28 November 2020,"Pastor of the Shrine of Our Lady of Divine Love in Castel di Leva, Rome",False,Pope Francis
230,Arthur Roche,United Kingdom,6 March 1950,CD,27 August 2022,Prefect of the Dicastery for Divine Worship and the Discipline of the Sacraments,True,Pope Francis
231,Lazarus You Heung-sik,South Korea,17 November 1951,CD,27 August 2022,Prefect of the Dicastery for the Clergy,True,Pope Francis
232,Fernando Vérgez Alzaga LC,Spain,1 March 1945,CD,27 August 2022,President emeritus of the Pontifical Commission for Vatican City State,False,Pope Francis
233,Gianfranco Ghirlanda SJ,Italy,5 July 1942,CD,27 August 2022,Patron of the Sovereign Military Order of Malta,False,Pope Francis
234,Fortunato Frezza,Italy,6 February 1942,CD,27 August 2022,Canon of the Chapter of the Papal Basilica of Saint Peter,False,Pope Francis
235,Claudio Gugerotti,Italy,7 October 1955,CD,30 September 2023,Prefect of the Dicastery for the Eastern Churches,True,Pope Francis
236,Víctor Manuel Fernández,Argentina,18 July 1962,CD,30 September 2023,Prefect of the Dicastery for the Doctrine of the Faith,True,Pope Francis
237,Emil Paul Tscherrig,Switzerland,3 February 1947,CD,30 September 2023,Apostolic Nuncio emeritus to Italy and San Marino,True,Pope Francis
238,Christophe Pierre,France,30 January 1946,CD,30 September 2023,Apostolic Nuncio to the United States,True,Pope Francis
239,Ángel Fernández Artime SDB,Spain,21 August 1960,CD,30 September 2023,Pro-Prefect of the Dicastery for Institutes of Consecrated Life and Societies of Apostolic Life,True,Pope Francis
240,Agostino Marchetto,Italy,28 August 1940,CD,30 September 2023,Secretary emeritus of the Pontifical Council for the Pastoral Care of Migrants and Itinerant People,False,Pope Francis
241,Angelo Acerbi,Italy,23 September 1925,CD,7 December 2024,Apostolic Nuncio emeritus,False,Pope Francis
242,Rolandas Makrickas,Lithuania,31 January 1972,CD,7 December 2024,Archpriest of the Papal Basilica of Saint Mary Major,True,Pope Francis
243,Timothy Radcliffe OP,United Kingdom,22 August 1945,CD,7 December 2024,Master emeritus of the Order of Preachers,False,Pope Francis
244,Fabio Baggio CS,Italy,15 January 1965,CD,7 December 2024,Undersecretary of the Migrants and Refugees Section of the Dicastery for Promoting Integral Human Development,True,Pope Francis
245,George Koovakad,India,11 August 1973,CD,7 December 2024,Prefect of the Dicastery for Interreligious Dialogue,True,Pope Francis
